{
  "model_id": "HD2_ReverbGlitzStereo",
  "category": "reverb",
  "display_name": "Glitz Stereo",
  "params": {
    "Decay": {
      "type": "float",
      "default": 0.6399999856948853,
      "observed_range": [
        0.6399999856948853,
        0.6399999856948853
      ]
    },
    "Delay": {
      "type": "float",
      "default": 0.06400000303983688,
      "observed_range": [
        0.06400000303983688,
        0.06400000303983688
      ]
    },
    "Depth": {
      "type": "float",
      "default": 0.5,
      "observed_range": [
        0.5,
        0.5
      ]
    },
    "HighCut": {
      "type": "float",
      "default": 942.0,
      "observed_range": [
        942.0,
        942.0
      ]
    },
    "Level": {
      "type": "float",
      "default": 0.0,
      "observed_range": [
        0.0,
        0.0
      ]
    },
    "LowCut": {
      "type": "float",
      "default": 130.0,
      "observed_range": [
        130.0,
        130.0
      ]
    },
    "Mix": {
      "type": "float",
      "default": 0.20000000298023224,
      "observed_range": [
        0.20000000298023224,
        0.20000000298023224
      ]
    },
    "Mod Mix": {
      "type": "float",
      "default": 0.5699999928474426,
      "observed_range": [
        0.5699999928474426,
        0.5699999928474426
      ]
    },
    "Predelay": {
      "type": "float",
      "default": 0.10400000214576721,
      "observed_range": [
        0.10400000214576721,
        0.10400000214576721
      ]
    },
    "Rate": {
      "type": "float",
      "default": 1.840000033378601,
      "observed_range": [
        1.840000033378601,
        1.840000033378601
      ]
    },
    "SyncSelect1": {
      "type": "int",
      "default": 6,
      "observed_range": [
        6,
        6
      ]
    },
    "TempoSync1": {
      "type": "bool",
      "default": false
    },
    "Xover": {
      "type": "float",
      "default": 4800.0,
      "observed_range": [
        4800.0,
        4800.0
      ]
    }
  },
  "exemplar": {
    "@model": "HD2_ReverbGlitzStereo",
    "@enabled": true,
    "@type": "fx",
    "@position": 11,
    "@path": 0,
    "Decay": 0.6399999856948853,
    "Delay": 0.06400000303983688,
    "Depth": 0.5,
    "HighCut": 942.0,
    "Level": 0.0,
    "LowCut": 130.0,
    "Mix": 0.20000000298023224,
    "Mod Mix": 0.5699999928474426,
    "Predelay": 0.10400000214576721,
    "Rate": 1.840000033378601,
    "SyncSelect1": 6,
    "TempoSync1": false,
    "Xover": 4800.0
  },
  "first_seen": {
    "preset": "",
    "firmware": "318833973",
    "date": "2026-05-11"
  },
  "aliases": []
}