{
  "model_id": "HD2_AmpGrammaticoBrt",
  "category": "amp",
  "display_name": "Grammatico Brt",
  "params": {
    "Bass": {
      "type": "float",
      "default": 0.389999985694885,
      "observed_range": [
        0.389999985694885,
        0.389999985694885
      ]
    },
    "Bias": {
      "type": "float",
      "default": 0.450000047683716,
      "observed_range": [
        0.450000047683716,
        0.450000047683716
      ]
    },
    "BiasX": {
      "type": "float",
      "default": 0.409999966621399,
      "observed_range": [
        0.409999966621399,
        0.409999966621399
      ]
    },
    "ChVol": {
      "type": "float",
      "default": 0.75,
      "observed_range": [
        0.75,
        0.75
      ]
    },
    "DriveBright": {
      "type": "float",
      "default": 0.799999952316284,
      "observed_range": [
        0.799999952316284,
        0.799999952316284
      ]
    },
    "DriveNorm": {
      "type": "float",
      "default": 0.0,
      "observed_range": [
        0.0,
        0.0
      ]
    },
    "Hum": {
      "type": "float",
      "default": 0.620000004768372,
      "observed_range": [
        0.620000004768372,
        0.620000004768372
      ]
    },
    "Master": {
      "type": "float",
      "default": 0.860000014305115,
      "observed_range": [
        0.860000014305115,
        0.860000014305115
      ]
    },
    "Ripple": {
      "type": "float",
      "default": 0.680000066757202,
      "observed_range": [
        0.680000066757202,
        0.680000066757202
      ]
    },
    "Sag": {
      "type": "float",
      "default": 0.569999933242798,
      "observed_range": [
        0.569999933242798,
        0.569999933242798
      ]
    },
    "Tone": {
      "type": "float",
      "default": 0.899999976158142,
      "observed_range": [
        0.899999976158142,
        0.899999976158142
      ]
    },
    "Treble": {
      "type": "float",
      "default": 0.759999990463257,
      "observed_range": [
        0.759999990463257,
        0.759999990463257
      ]
    }
  },
  "exemplar": {
    "@model": "HD2_AmpGrammaticoBrt",
    "@enabled": true,
    "@type": "amp",
    "@position": 4,
    "@path": 0,
    "Bass": 0.389999985694885,
    "Bias": 0.450000047683716,
    "BiasX": 0.409999966621399,
    "ChVol": 0.75,
    "DriveBright": 0.799999952316284,
    "DriveNorm": 0.0,
    "Hum": 0.620000004768372,
    "Master": 0.860000014305115,
    "Ripple": 0.680000066757202,
    "Sag": 0.569999933242798,
    "Tone": 0.899999976158142,
    "Treble": 0.759999990463257
  },
  "first_seen": {
    "preset": "",
    "firmware": "318833973",
    "date": "2026-05-11"
  },
  "aliases": []
}