{
  "model_id": "HD2_AmpWoodyBlue",
  "category": "amp",
  "display_name": "Woody Blue",
  "params": {
    "Bass": {
      "type": "float",
      "default": 0.550000011920929,
      "observed_range": [
        0.550000011920929,
        0.550000011920929
      ]
    },
    "Bright": {
      "type": "bool",
      "default": false
    },
    "ChVol": {
      "type": "float",
      "default": 0.7300000190734863,
      "observed_range": [
        0.7300000190734863,
        0.7300000190734863
      ]
    },
    "Drive": {
      "type": "float",
      "default": 0.5799999833106995,
      "observed_range": [
        0.5799999833106995,
        0.5799999833106995
      ]
    },
    "Effect": {
      "type": "float",
      "default": 0.2199999988079071,
      "observed_range": [
        0.2199999988079071,
        0.2199999988079071
      ]
    },
    "Hum": {
      "type": "float",
      "default": 0.27000001072883606,
      "observed_range": [
        0.27000001072883606,
        0.27000001072883606
      ]
    },
    "Master": {
      "type": "float",
      "default": 0.8600000143051147,
      "observed_range": [
        0.8600000143051147,
        0.8600000143051147
      ]
    },
    "TFCoarse": {
      "type": "float",
      "default": 0.4699999988079071,
      "observed_range": [
        0.4699999988079071,
        0.4699999988079071
      ]
    },
    "TFFine": {
      "type": "float",
      "default": 0.3100000023841858,
      "observed_range": [
        0.3100000023841858,
        0.3100000023841858
      ]
    },
    "Treble": {
      "type": "float",
      "default": 0.30000001192092896,
      "observed_range": [
        0.30000001192092896,
        0.30000001192092896
      ]
    },
    "TuningFork": {
      "type": "float",
      "default": 0.0,
      "observed_range": [
        0.0,
        0.0
      ]
    },
    "Variamp": {
      "type": "int",
      "default": 2,
      "observed_range": [
        2,
        2
      ]
    }
  },
  "exemplar": {
    "@model": "HD2_AmpWoodyBlue",
    "@enabled": true,
    "@type": "amp",
    "@position": 5,
    "@path": 0,
    "Bass": 0.550000011920929,
    "Bright": false,
    "ChVol": 0.7300000190734863,
    "Drive": 0.5799999833106995,
    "Effect": 0.2199999988079071,
    "Hum": 0.27000001072883606,
    "Master": 0.8600000143051147,
    "TFCoarse": 0.4699999988079071,
    "TFFine": 0.3100000023841858,
    "Treble": 0.30000001192092896,
    "TuningFork": 0.0,
    "Variamp": 2
  },
  "first_seen": {
    "preset": "",
    "firmware": "318833973",
    "date": "2026-05-11"
  },
  "aliases": []
}